{"nodes":[{"id":28,"name":"Aaron Sorkin","cluster":2},{"id":13,"name":"Al Pacino","cluster":1},{"id":57,"name":"Annabella Sciorra","cluster":4},{"id":32,"name":"Anthony Edwards","cluster":3},{"id":111,"name":"Audrey Tautou","cluster":3},{"id":118,"name":"Ben Miles","cluster":5},{"id":144,"name":"Bill Paxton","cluster":3},{"id":75,"name":"Bill Pullman","cluster":3},{"id":82,"name":"Billy Crystal","cluster":3},{"id":42,"name":"Bonnie Hunt","cluster":2},{"id":88,"name":"Brooke Langton","cluster":1},{"id":84,"name":"Bruno Kirby","cluster":3},{"id":83,"name":"Carrie Fisher","cluster":3},{"id":2,"name":"Carrie-Anne Moss","cluster":1},{"id":12,"name":"Charlize Theron","cluster":1},{"id":93,"name":"Christian Bale","cluster":3},{"id":124,"name":"Christina Ricci","cluster":5},{"id":26,"name":"Christopher Guest","cluster":2},{"id":99,"name":"Clint Eastwood","cluster":1},{"id":48,"name":"Corey Feldman","cluster":2},{"id":22,"name":"Cuba Gooding Jr.","cluster":2},{"id":140,"name":"Danny DeVito","cluster":2},{"id":69,"name":"Dave Chappelle","cluster":3},{"id":130,"name":"David Morse","cluster":4},{"id":18,"name":"Demi Moore","cluster":2},{"id":153,"name":"Diane Keaton","cluster":1},{"id":102,"name":"Dina Meyer","cluster":1},{"id":143,"name":"Ed Harris","cluster":3},{"id":8,"name":"Emil Eifrem","cluster":1},{"id":120,"name":"Emile Hirsch","cluster":5},{"id":63,"name":"Ethan Hawke","cluster":4},{"id":136,"name":"Frank Langella","cluster":4},{"id":132,"name":"Gary Sinise","cluster":4},{"id":162,"name":"Geena Davis","cluster":3},{"id":89,"name":"Gene Hackman","cluster":1},{"id":54,"name":"Greg Kinnear","cluster":3},{"id":106,"name":"Halle Berry","cluster":1},{"id":53,"name":"Helen Hunt","cluster":3},{"id":4,"name":"Hugo Weaving","cluster":1},{"id":110,"name":"Ian McKellen","cluster":3},{"id":103,"name":"Ice-T","cluster":1},{"id":24,"name":"J.T. Walsh","cluster":2},{"id":17,"name":"Jack Nicholson","cluster":2},{"id":65,"name":"James Cromwell","cluster":4},{"id":25,"name":"James Marshall","cluster":2},{"id":41,"name":"Jay Mohr","cluster":2},{"id":40,"name":"Jerry O'Connell","cluster":2},{"id":107,"name":"Jim Broadbent","cluster":1},{"id":141,"name":"John C. Reilly","cluster":2},{"id":50,"name":"John Cusack","cluster":2},{"id":121,"name":"John Goodman","cluster":5},{"id":117,"name":"John Hurt","cluster":5},{"id":44,"name":"Jonathan Lipnicki","cluster":2},{"id":158,"name":"Julia Roberts","cluster":3},{"id":1,"name":"Keanu Reeves","cluster":1},{"id":30,"name":"Kelly McGillis","cluster":3},{"id":39,"name":"Kelly Preston","cluster":2},{"id":19,"name":"Kevin Bacon","cluster":2},{"id":23,"name":"Kevin Pollak","cluster":2},{"id":20,"name":"Kiefer Sutherland","cluster":2},{"id":3,"name":"Laurence Fishburne","cluster":1},{"id":86,"name":"Liv Tyler","cluster":1},{"id":163,"name":"Lori Petty","cluster":3},{"id":161,"name":"Madonna","cluster":3},{"id":51,"name":"Marshall Bell","cluster":2},{"id":123,"name":"Matthew Fox","cluster":5},{"id":58,"name":"Max von Sydow","cluster":4},{"id":34,"name":"Meg Ryan","cluster":3},{"id":129,"name":"Michael Clarke Duncan","cluster":4},{"id":137,"name":"Michael Sheen","cluster":4},{"id":127,"name":"Naomie Harris","cluster":5},{"id":115,"name":"Natalie Portman","cluster":5},{"id":80,"name":"Nathan Lane","cluster":3},{"id":21,"name":"Noah Wyle","cluster":2},{"id":138,"name":"Oliver Platt","cluster":4},{"id":90,"name":"Orlando Jones","cluster":1},{"id":68,"name":"Parker Posey","cluster":3},{"id":133,"name":"Patricia Clarkson","cluster":4},{"id":112,"name":"Paul Bettany","cluster":3},{"id":146,"name":"Philip Seymour Hoffman","cluster":3},{"id":125,"name":"Rain","cluster":5},{"id":43,"name":"Regina King","cluster":2},{"id":38,"name":"Renee Zellweger","cluster":2},{"id":98,"name":"Richard Harris","cluster":1},{"id":64,"name":"Rick Yune","cluster":4},{"id":74,"name":"Rita Wilson","cluster":3},{"id":47,"name":"River Phoenix","cluster":2},{"id":60,"name":"Robin Williams","cluster":4},{"id":77,"name":"Rosie O'Donnell","cluster":3},{"id":131,"name":"Sam Rockwell","cluster":4},{"id":116,"name":"Stephen Rea","cluster":5},{"id":70,"name":"Steve Zahn","cluster":3},{"id":122,"name":"Susan Sarandon","cluster":5},{"id":101,"name":"Takeshi Kitano","cluster":1},{"id":16,"name":"Tom Cruise","cluster":2},{"id":71,"name":"Tom Hanks","cluster":3},{"id":33,"name":"Tom Skerritt","cluster":3},{"id":31,"name":"Val Kilmer","cluster":3},{"id":76,"name":"Victor Garber","cluster":3},{"id":59,"name":"Werner Herzog","cluster":4},{"id":49,"name":"Wil Wheaton","cluster":2},{"id":94,"name":"Zach Grenier","cluster":3}],"edges":[{"source":1,"target":2},{"source":1,"target":3},{"source":1,"target":4},{"source":1,"target":8},{"source":1,"target":2},{"source":1,"target":3},{"source":1,"target":4},{"source":1,"target":2},{"source":1,"target":3},{"source":1,"target":4},{"source":1,"target":12},{"source":1,"target":13},{"source":1,"target":88},{"source":1,"target":89},{"source":1,"target":90},{"source":1,"target":101},{"source":1,"target":102},{"source":1,"target":103},{"source":1,"target":17},{"source":1,"target":153},{"source":2,"target":1},{"source":2,"target":3},{"source":2,"target":4},{"source":2,"target":8},{"source":2,"target":1},{"source":2,"target":3},{"source":2,"target":4},{"source":2,"target":1},{"source":2,"target":3},{"source":2,"target":4},{"source":3,"target":1},{"source":3,"target":2},{"source":3,"target":4},{"source":3,"target":8},{"source":3,"target":1},{"source":3,"target":2},{"source":3,"target":4},{"source":3,"target":1},{"source":3,"target":2},{"source":3,"target":4},{"source":4,"target":1},{"source":4,"target":2},{"source":4,"target":3},{"source":4,"target":8},{"source":4,"target":1},{"source":4,"target":2},{"source":4,"target":3},{"source":4,"target":1},{"source":4,"target":2},{"source":4,"target":3},{"source":4,"target":71},{"source":4,"target":106},{"source":4,"target":107},{"source":4,"target":115},{"source":4,"target":116},{"source":4,"target":117},{"source":4,"target":118},{"source":8,"target":1},{"source":8,"target":2},{"source":8,"target":3},{"source":8,"target":4},{"source":12,"target":1},{"source":12,"target":13},{"source":12,"target":71},{"source":12,"target":86},{"source":13,"target":1},{"source":13,"target":12},{"source":16,"target":17},{"source":16,"target":18},{"source":16,"target":19},{"source":16,"target":20},{"source":16,"target":21},{"source":16,"target":22},{"source":16,"target":23},{"source":16,"target":24},{"source":16,"target":25},{"source":16,"target":26},{"source":16,"target":28},{"source":16,"target":30},{"source":16,"target":31},{"source":16,"target":32},{"source":16,"target":33},{"source":16,"target":34},{"source":16,"target":22},{"source":16,"target":38},{"source":16,"target":39},{"source":16,"target":40},{"source":16,"target":41},{"source":16,"target":42},{"source":16,"target":43},{"source":16,"target":44},{"source":17,"target":16},{"source":17,"target":18},{"source":17,"target":19},{"source":17,"target":20},{"source":17,"target":21},{"source":17,"target":22},{"source":17,"target":23},{"source":17,"target":24},{"source":17,"target":25},{"source":17,"target":26},{"source":17,"target":28},{"source":17,"target":53},{"source":17,"target":54},{"source":17,"target":22},{"source":17,"target":140},{"source":17,"target":24},{"source":17,"target":141},{"source":17,"target":140},{"source":17,"target":153},{"source":17,"target":1},{"source":18,"target":16},{"source":18,"target":17},{"source":18,"target":19},{"source":18,"target":20},{"source":18,"target":21},{"source":18,"target":22},{"source":18,"target":23},{"source":18,"target":24},{"source":18,"target":25},{"source":18,"target":26},{"source":18,"target":28},{"source":19,"target":16},{"source":19,"target":17},{"source":19,"target":18},{"source":19,"target":20},{"source":19,"target":21},{"source":19,"target":22},{"source":19,"target":23},{"source":19,"target":24},{"source":19,"target":25},{"source":19,"target":26},{"source":19,"target":28},{"source":19,"target":136},{"source":19,"target":137},{"source":19,"target":138},{"source":19,"target":131},{"source":19,"target":71},{"source":19,"target":143},{"source":19,"target":144},{"source":19,"target":132},{"source":20,"target":16},{"source":20,"target":17},{"source":20,"target":18},{"source":20,"target":19},{"source":20,"target":21},{"source":20,"target":22},{"source":20,"target":23},{"source":20,"target":24},{"source":20,"target":25},{"source":20,"target":26},{"source":20,"target":28},{"source":20,"target":49},{"source":20,"target":47},{"source":20,"target":40},{"source":20,"target":48},{"source":20,"target":50},{"source":20,"target":51},{"source":21,"target":16},{"source":21,"target":17},{"source":21,"target":18},{"source":21,"target":19},{"source":21,"target":20},{"source":21,"target":22},{"source":21,"target":23},{"source":21,"target":24},{"source":21,"target":25},{"source":21,"target":26},{"source":21,"target":28},{"source":22,"target":16},{"source":22,"target":17},{"source":22,"target":18},{"source":22,"target":19},{"source":22,"target":20},{"source":22,"target":21},{"source":22,"target":23},{"source":22,"target":24},{"source":22,"target":25},{"source":22,"target":26},{"source":22,"target":28},{"source":22,"target":16},{"source":22,"target":38},{"source":22,"target":39},{"source":22,"target":40},{"source":22,"target":41},{"source":22,"target":42},{"source":22,"target":43},{"source":22,"target":44},{"source":22,"target":17},{"source":22,"target":53},{"source":22,"target":54},{"source":22,"target":60},{"source":22,"target":57},{"source":22,"target":58},{"source":22,"target":59},{"source":23,"target":16},{"source":23,"target":17},{"source":23,"target":18},{"source":23,"target":19},{"source":23,"target":20},{"source":23,"target":21},{"source":23,"target":22},{"source":23,"target":24},{"source":23,"target":25},{"source":23,"target":26},{"source":23,"target":28},{"source":24,"target":16},{"source":24,"target":17},{"source":24,"target":18},{"source":24,"target":19},{"source":24,"target":20},{"source":24,"target":21},{"source":24,"target":22},{"source":24,"target":23},{"source":24,"target":25},{"source":24,"target":26},{"source":24,"target":28},{"source":24,"target":17},{"source":24,"target":140},{"source":24,"target":141},{"source":25,"target":16},{"source":25,"target":17},{"source":25,"target":18},{"source":25,"target":19},{"source":25,"target":20},{"source":25,"target":21},{"source":25,"target":22},{"source":25,"target":23},{"source":25,"target":24},{"source":25,"target":26},{"source":25,"target":28},{"source":26,"target":16},{"source":26,"target":17},{"source":26,"target":18},{"source":26,"target":19},{"source":26,"target":20},{"source":26,"target":21},{"source":26,"target":22},{"source":26,"target":23},{"source":26,"target":24},{"source":26,"target":25},{"source":26,"target":28},{"source":28,"target":16},{"source":28,"target":17},{"source":28,"target":18},{"source":28,"target":19},{"source":28,"target":20},{"source":28,"target":21},{"source":28,"target":22},{"source":28,"target":23},{"source":28,"target":24},{"source":28,"target":25},{"source":28,"target":26},{"source":30,"target":16},{"source":30,"target":31},{"source":30,"target":32},{"source":30,"target":33},{"source":30,"target":34},{"source":31,"target":16},{"source":31,"target":30},{"source":31,"target":32},{"source":31,"target":33},{"source":31,"target":34},{"source":32,"target":16},{"source":32,"target":30},{"source":32,"target":31},{"source":32,"target":33},{"source":32,"target":34},{"source":33,"target":16},{"source":33,"target":30},{"source":33,"target":31},{"source":33,"target":32},{"source":33,"target":34},{"source":34,"target":16},{"source":34,"target":30},{"source":34,"target":31},{"source":34,"target":32},{"source":34,"target":33},{"source":34,"target":71},{"source":34,"target":54},{"source":34,"target":68},{"source":34,"target":69},{"source":34,"target":70},{"source":34,"target":71},{"source":34,"target":74},{"source":34,"target":75},{"source":34,"target":76},{"source":34,"target":77},{"source":34,"target":71},{"source":34,"target":80},{"source":34,"target":82},{"source":34,"target":83},{"source":34,"target":84},{"source":38,"target":16},{"source":38,"target":22},{"source":38,"target":39},{"source":38,"target":40},{"source":38,"target":41},{"source":38,"target":42},{"source":38,"target":43},{"source":38,"target":44},{"source":39,"target":16},{"source":39,"target":22},{"source":39,"target":38},{"source":39,"target":40},{"source":39,"target":41},{"source":39,"target":42},{"source":39,"target":43},{"source":39,"target":44},{"source":40,"target":16},{"source":40,"target":22},{"source":40,"target":38},{"source":40,"target":39},{"source":40,"target":41},{"source":40,"target":42},{"source":40,"target":43},{"source":40,"target":44},{"source":40,"target":49},{"source":40,"target":47},{"source":40,"target":48},{"source":40,"target":50},{"source":40,"target":20},{"source":40,"target":51},{"source":41,"target":16},{"source":41,"target":22},{"source":41,"target":38},{"source":41,"target":39},{"source":41,"target":40},{"source":41,"target":42},{"source":41,"target":43},{"source":41,"target":44},{"source":42,"target":16},{"source":42,"target":22},{"source":42,"target":38},{"source":42,"target":39},{"source":42,"target":40},{"source":42,"target":41},{"source":42,"target":43},{"source":42,"target":44},{"source":42,"target":71},{"source":42,"target":129},{"source":42,"target":130},{"source":42,"target":65},{"source":42,"target":131},{"source":42,"target":132},{"source":42,"target":133},{"source":43,"target":16},{"source":43,"target":22},{"source":43,"target":38},{"source":43,"target":39},{"source":43,"target":40},{"source":43,"target":41},{"source":43,"target":42},{"source":43,"target":44},{"source":44,"target":16},{"source":44,"target":22},{"source":44,"target":38},{"source":44,"target":39},{"source":44,"target":40},{"source":44,"target":41},{"source":44,"target":42},{"source":44,"target":43},{"source":47,"target":49},{"source":47,"target":40},{"source":47,"target":48},{"source":47,"target":50},{"source":47,"target":20},{"source":47,"target":51},{"source":48,"target":49},{"source":48,"target":47},{"source":48,"target":40},{"source":48,"target":50},{"source":48,"target":20},{"source":48,"target":51},{"source":49,"target":47},{"source":49,"target":40},{"source":49,"target":48},{"source":49,"target":50},{"source":49,"target":20},{"source":49,"target":51},{"source":50,"target":49},{"source":50,"target":47},{"source":50,"target":40},{"source":50,"target":48},{"source":50,"target":20},{"source":50,"target":51},{"source":51,"target":49},{"source":51,"target":47},{"source":51,"target":40},{"source":51,"target":48},{"source":51,"target":50},{"source":51,"target":20},{"source":51,"target":93},{"source":51,"target":94},{"source":51,"target":70},{"source":53,"target":17},{"source":53,"target":54},{"source":53,"target":22},{"source":53,"target":144},{"source":53,"target":94},{"source":53,"target":146},{"source":53,"target":71},{"source":54,"target":17},{"source":54,"target":53},{"source":54,"target":22},{"source":54,"target":71},{"source":54,"target":34},{"source":54,"target":68},{"source":54,"target":69},{"source":54,"target":70},{"source":57,"target":60},{"source":57,"target":22},{"source":57,"target":58},{"source":57,"target":59},{"source":58,"target":60},{"source":58,"target":22},{"source":58,"target":57},{"source":58,"target":59},{"source":58,"target":63},{"source":58,"target":64},{"source":58,"target":65},{"source":59,"target":60},{"source":59,"target":22},{"source":59,"target":57},{"source":59,"target":58},{"source":60,"target":22},{"source":60,"target":57},{"source":60,"target":58},{"source":60,"target":59},{"source":60,"target":80},{"source":60,"target":89},{"source":60,"target":138},{"source":63,"target":64},{"source":63,"target":58},{"source":63,"target":65},{"source":64,"target":63},{"source":64,"target":58},{"source":64,"target":65},{"source":64,"target":125},{"source":64,"target":127},{"source":64,"target":118},{"source":65,"target":63},{"source":65,"target":64},{"source":65,"target":58},{"source":65,"target":71},{"source":65,"target":129},{"source":65,"target":130},{"source":65,"target":42},{"source":65,"target":131},{"source":65,"target":132},{"source":65,"target":133},{"source":68,"target":71},{"source":68,"target":34},{"source":68,"target":54},{"source":68,"target":69},{"source":68,"target":70},{"source":69,"target":71},{"source":69,"target":34},{"source":69,"target":54},{"source":69,"target":68},{"source":69,"target":70},{"source":70,"target":71},{"source":70,"target":34},{"source":70,"target":54},{"source":70,"target":68},{"source":70,"target":69},{"source":70,"target":51},{"source":70,"target":93},{"source":70,"target":94},{"source":71,"target":34},{"source":71,"target":54},{"source":71,"target":68},{"source":71,"target":69},{"source":71,"target":70},{"source":71,"target":34},{"source":71,"target":74},{"source":71,"target":75},{"source":71,"target":76},{"source":71,"target":77},{"source":71,"target":34},{"source":71,"target":80},{"source":71,"target":86},{"source":71,"target":12},{"source":71,"target":4},{"source":71,"target":106},{"source":71,"target":107},{"source":71,"target":110},{"source":71,"target":111},{"source":71,"target":112},{"source":71,"target":129},{"source":71,"target":130},{"source":71,"target":42},{"source":71,"target":65},{"source":71,"target":131},{"source":71,"target":132},{"source":71,"target":133},{"source":71,"target":19},{"source":71,"target":143},{"source":71,"target":144},{"source":71,"target":132},{"source":71,"target":53},{"source":71,"target":158},{"source":71,"target":146},{"source":71,"target":162},{"source":71,"target":163},{"source":71,"target":77},{"source":71,"target":161},{"source":71,"target":144},{"source":74,"target":71},{"source":74,"target":34},{"source":74,"target":75},{"source":74,"target":76},{"source":74,"target":77},{"source":75,"target":71},{"source":75,"target":34},{"source":75,"target":74},{"source":75,"target":76},{"source":75,"target":77},{"source":76,"target":71},{"source":76,"target":34},{"source":76,"target":74},{"source":76,"target":75},{"source":76,"target":77},{"source":77,"target":71},{"source":77,"target":34},{"source":77,"target":74},{"source":77,"target":75},{"source":77,"target":76},{"source":77,"target":71},{"source":77,"target":162},{"source":77,"target":163},{"source":77,"target":161},{"source":77,"target":144},{"source":80,"target":71},{"source":80,"target":34},{"source":80,"target":60},{"source":80,"target":89},{"source":82,"target":34},{"source":82,"target":83},{"source":82,"target":84},{"source":83,"target":82},{"source":83,"target":34},{"source":83,"target":84},{"source":84,"target":82},{"source":84,"target":34},{"source":84,"target":83},{"source":86,"target":71},{"source":86,"target":12},{"source":88,"target":1},{"source":88,"target":89},{"source":88,"target":90},{"source":89,"target":1},{"source":89,"target":88},{"source":89,"target":90},{"source":89,"target":60},{"source":89,"target":80},{"source":89,"target":98},{"source":89,"target":99},{"source":90,"target":1},{"source":90,"target":88},{"source":90,"target":89},{"source":93,"target":51},{"source":93,"target":94},{"source":93,"target":70},{"source":94,"target":51},{"source":94,"target":93},{"source":94,"target":70},{"source":94,"target":144},{"source":94,"target":53},{"source":94,"target":146},{"source":98,"target":99},{"source":98,"target":89},{"source":99,"target":98},{"source":99,"target":89},{"source":101,"target":1},{"source":101,"target":102},{"source":101,"target":103},{"source":102,"target":1},{"source":102,"target":101},{"source":102,"target":103},{"source":103,"target":1},{"source":103,"target":101},{"source":103,"target":102},{"source":106,"target":71},{"source":106,"target":4},{"source":106,"target":107},{"source":107,"target":71},{"source":107,"target":4},{"source":107,"target":106},{"source":110,"target":71},{"source":110,"target":111},{"source":110,"target":112},{"source":111,"target":71},{"source":111,"target":110},{"source":111,"target":112},{"source":112,"target":71},{"source":112,"target":110},{"source":112,"target":111},{"source":115,"target":4},{"source":115,"target":116},{"source":115,"target":117},{"source":115,"target":118},{"source":116,"target":4},{"source":116,"target":115},{"source":116,"target":117},{"source":116,"target":118},{"source":117,"target":4},{"source":117,"target":115},{"source":117,"target":116},{"source":117,"target":118},{"source":118,"target":4},{"source":118,"target":115},{"source":118,"target":116},{"source":118,"target":117},{"source":118,"target":120},{"source":118,"target":121},{"source":118,"target":122},{"source":118,"target":123},{"source":118,"target":124},{"source":118,"target":125},{"source":118,"target":125},{"source":118,"target":127},{"source":118,"target":64},{"source":120,"target":121},{"source":120,"target":122},{"source":120,"target":123},{"source":120,"target":124},{"source":120,"target":125},{"source":120,"target":118},{"source":121,"target":120},{"source":121,"target":122},{"source":121,"target":123},{"source":121,"target":124},{"source":121,"target":125},{"source":121,"target":118},{"source":122,"target":120},{"source":122,"target":121},{"source":122,"target":123},{"source":122,"target":124},{"source":122,"target":125},{"source":122,"target":118},{"source":123,"target":120},{"source":123,"target":121},{"source":123,"target":122},{"source":123,"target":124},{"source":123,"target":125},{"source":123,"target":118},{"source":124,"target":120},{"source":124,"target":121},{"source":124,"target":122},{"source":124,"target":123},{"source":124,"target":125},{"source":124,"target":118},{"source":125,"target":120},{"source":125,"target":121},{"source":125,"target":122},{"source":125,"target":123},{"source":125,"target":124},{"source":125,"target":118},{"source":125,"target":127},{"source":125,"target":64},{"source":125,"target":118},{"source":127,"target":125},{"source":127,"target":64},{"source":127,"target":118},{"source":129,"target":71},{"source":129,"target":130},{"source":129,"target":42},{"source":129,"target":65},{"source":129,"target":131},{"source":129,"target":132},{"source":129,"target":133},{"source":130,"target":71},{"source":130,"target":129},{"source":130,"target":42},{"source":130,"target":65},{"source":130,"target":131},{"source":130,"target":132},{"source":130,"target":133},{"source":131,"target":71},{"source":131,"target":129},{"source":131,"target":130},{"source":131,"target":42},{"source":131,"target":65},{"source":131,"target":132},{"source":131,"target":133},{"source":131,"target":136},{"source":131,"target":137},{"source":131,"target":19},{"source":131,"target":138},{"source":132,"target":71},{"source":132,"target":129},{"source":132,"target":130},{"source":132,"target":42},{"source":132,"target":65},{"source":132,"target":131},{"source":132,"target":133},{"source":132,"target":71},{"source":132,"target":19},{"source":132,"target":143},{"source":132,"target":144},{"source":133,"target":71},{"source":133,"target":129},{"source":133,"target":130},{"source":133,"target":42},{"source":133,"target":65},{"source":133,"target":131},{"source":133,"target":132},{"source":136,"target":137},{"source":136,"target":19},{"source":136,"target":138},{"source":136,"target":131},{"source":137,"target":136},{"source":137,"target":19},{"source":137,"target":138},{"source":137,"target":131},{"source":138,"target":136},{"source":138,"target":137},{"source":138,"target":19},{"source":138,"target":131},{"source":138,"target":60},{"source":140,"target":17},{"source":140,"target":24},{"source":140,"target":141},{"source":140,"target":17},{"source":141,"target":17},{"source":141,"target":140},{"source":141,"target":24},{"source":143,"target":71},{"source":143,"target":19},{"source":143,"target":144},{"source":143,"target":132},{"source":144,"target":71},{"source":144,"target":19},{"source":144,"target":143},{"source":144,"target":132},{"source":144,"target":53},{"source":144,"target":94},{"source":144,"target":146},{"source":144,"target":71},{"source":144,"target":162},{"source":144,"target":163},{"source":144,"target":77},{"source":144,"target":161},{"source":146,"target":144},{"source":146,"target":53},{"source":146,"target":94},{"source":146,"target":71},{"source":146,"target":158},{"source":153,"target":17},{"source":153,"target":1},{"source":158,"target":71},{"source":158,"target":146},{"source":161,"target":71},{"source":161,"target":162},{"source":161,"target":163},{"source":161,"target":77},{"source":161,"target":144},{"source":162,"target":71},{"source":162,"target":163},{"source":162,"target":77},{"source":162,"target":161},{"source":162,"target":144},{"source":163,"target":71},{"source":163,"target":162},{"source":163,"target":77},{"source":163,"target":161},{"source":163,"target":144}]}